Video_Name,Video_Set,Video_Len
123.mp4,public,5.0
479.mp4,public,5.067
660.mp4,public,5.063
1327.mp4,public,5.0
410.mp4,public,5.072
581.mp4,public,5.0
566.mp4,public,5.072
1187.mp4,public,5.0
1878.mp4,public,5.014
1514.mp4,public,5.051
1266.mp4,public,5.067
1348.mp4,public,5.067
1299.mp4,public,5.069
731.mp4,public,5.067
879.mp4,public,5.0
1310.mp4,public,5.0
714.mp4,public,5.0
957.mp4,public,5.067
648.mp4,public,5.0
1049.mp4,public,5.0
638.mp4,public,5.0
640.mp4,public,5.039
437.mp4,public,5.0
95.mp4,public,5.0
1800.mp4,public,5.0
1678.mp4,public,5.067
1079.mp4,public,5.072
1247.mp4,public,5.063
266.mp4,public,5.0
303.mp4,public,5.069
647.mp4,public,5.014
139.mp4,public,5.0
1255.mp4,public,5.0
302.mp4,public,5.004
1511.mp4,public,5.0
689.mp4,public,5.0
1268.mp4,public,5.067
17.mp4,public,5.0
1662.mp4,public,5.067
586.mp4,public,5.067
703.mp4,public,5.0
672.mp4,public,5.0
1673.mp4,public,5.067
1867.mp4,public,5.067
766.mp4,public,5.067
799.mp4,public,5.0
201.mp4,public,5.0
1560.mp4,public,5.0
1391.mp4,public,5.0
552.mp4,public,5.0
880.mp4,public,5.0
1525.mp4,public,5.004
1295.mp4,public,5.0
757.mp4,public,5.0
507.mp4,public,5.067
1700.mp4,public,5.0
1298.mp4,public,5.0
680.mp4,public,5.0
330.mp4,public,5.0
174.mp4,public,5.014
214.mp4,public,5.0
1685.mp4,public,5.0
294.mp4,public,5.075
872.mp4,public,5.0
861.mp4,public,5.063
884.mp4,public,5.0
1258.mp4,public,5.0
51.mp4,public,5.034
159.mp4,public,5.0
917.mp4,public,5.063
1141.mp4,public,5.0
482.mp4,public,5.0
1648.mp4,public,5.067
1481.mp4,public,5.0
43.mp4,public,5.0
57.mp4,public,5.067
1506.mp4,public,5.063
925.mp4,public,5.0
190.mp4,public,5.0
250.mp4,public,5.063
1156.mp4,public,5.0
160.mp4,public,5.0
1214.mp4,public,5.063
1545.mp4,public,5.0
500.mp4,public,5.0
1586.mp4,public,5.0
474.mp4,public,5.067
1243.mp4,public,5.067
1379.mp4,public,5.0
1405.mp4,public,5.067
1499.mp4,public,5.051
901.mp4,public,5.032
237.mp4,public,5.0
1334.mp4,public,5.0
215.mp4,public,5.032
537.mp4,public,5.0
311.mp4,public,5.0
1122.mp4,public,5.072
760.mp4,public,5.067
496.mp4,public,5.067
828.mp4,public,5.067
297.mp4,public,5.0
1045.mp4,public,5.0
634.mp4,public,5.067
320.mp4,public,5.0
979.mp4,public,5.067
1527.mp4,public,5.014
902.mp4,public,3.594
1708.mp4,public,5.067
881.mp4,public,5.067
621.mp4,public,5.0
843.mp4,public,5.067
162.mp4,public,5.0
1830.mp4,public,5.067
64.mp4,public,5.063
1755.mp4,public,5.0
1340.mp4,public,5.0
857.mp4,public,5.0
1208.mp4,public,5.067
1806.mp4,public,5.0
935.mp4,public,5.0
1402.mp4,public,5.063
1682.mp4,public,5.0
510.mp4,public,5.0
1530.mp4,public,5.0
953.mp4,public,5.0
1502.mp4,public,5.0
539.mp4,public,5.069
132.mp4,public,5.0
853.mp4,public,5.0
705.mp4,public,5.0
1335.mp4,public,5.063
696.mp4,public,5.0
626.mp4,public,0.688
187.mp4,public,5.051
1537.mp4,public,5.0
1005.mp4,public,5.067
1759.mp4,public,5.0
224.mp4,public,5.067
919.mp4,public,5.067
1305.mp4,public,3.0
1271.mp4,public,5.067
1159.mp4,public,5.0
1276.mp4,public,5.0
318.mp4,public,5.067
1291.mp4,public,5.0
724.mp4,public,5.067
234.mp4,public,5.0
522.mp4,public,5.051
377.mp4,public,5.0
1496.mp4,public,5.075
400.mp4,public,0.688
1048.mp4,public,5.0
1311.mp4,public,5.0
567.mp4,public,4.582
1471.mp4,public,5.0
1634.mp4,public,5.0
1677.mp4,public,5.0
62.mp4,public,5.0
1613.mp4,public,5.067
235.mp4,public,5.042
1133.mp4,public,5.0
1451.mp4,public,5.0
47.mp4,public,5.0
1861.mp4,public,5.0
748.mp4,public,5.072
1316.mp4,public,5.0
516.mp4,public,5.067
228.mp4,public,5.067
1548.mp4,public,5.0
1272.mp4,public,5.075
933.mp4,public,5.0
677.mp4,public,5.0
959.mp4,public,5.0
1819.mp4,public,5.0
338.mp4,public,5.067
1600.mp4,public,5.0
1151.mp4,public,5.067
289.mp4,public,5.067
981.mp4,public,5.067
569.mp4,public,3.594
1284.mp4,public,5.067
1847.mp4,public,5.0
397.mp4,public,5.069
1439.mp4,public,5.067
683.mp4,public,5.0
965.mp4,public,5.0
1426.mp4,public,5.014
1561.mp4,public,5.067
1793.mp4,public,5.063
1536.mp4,public,4.8
370.mp4,public,5.0
1846.mp4,public,5.0
1180.mp4,public,5.0
722.mp4,public,5.067
1261.mp4,public,5.0
659.mp4,public,5.067
770.mp4,public,5.063
960.mp4,public,5.0
1393.mp4,public,5.072
178.mp4,public,5.0
762.mp4,public,5.0
286.mp4,public,5.0
1062.mp4,public,5.051
876.mp4,public,5.0
832.mp4,public,5.0
777.mp4,public,5.067
212.mp4,public,5.051
49.mp4,public,5.0
1023.mp4,public,5.067
733.mp4,public,5.067
1440.mp4,public,5.051
1001.mp4,public,5.067
1287.mp4,public,5.0
100.mp4,public,5.069
1032.mp4,public,5.004
226.mp4,public,5.0
411.mp4,public,5.0
23.mp4,public,5.064
1102.mp4,public,5.0
184.mp4,public,5.067
1249.mp4,public,5.069
1332.mp4,public,5.0
528.mp4,public,5.067
1563.mp4,public,5.063
1429.mp4,public,5.067
460.mp4,public,5.067
406.mp4,public,5.0
708.mp4,public,5.0
1178.mp4,public,5.0
4.mp4,public,5.072
786.mp4,public,5.0
1495.mp4,public,5.0
186.mp4,public,5.0
1462.mp4,public,5.067
466.mp4,public,4.023
740.mp4,public,5.042
542.mp4,public,5.069
488.mp4,public,5.067
973.mp4,public,5.067
1201.mp4,public,5.067
1631.mp4,public,5.0
1784.mp4,public,5.0
892.mp4,public,5.067
1780.mp4,public,5.0
773.mp4,public,5.0
830.mp4,public,5.067
1374.mp4,public,5.051
1155.mp4,public,5.0
1747.mp4,public,5.0
153.mp4,public,5.075
1010.mp4,public,3.021
60.mp4,public,5.0
1753.mp4,public,5.067
776.mp4,public,5.0
1745.mp4,public,5.067
1558.mp4,public,5.067
972.mp4,public,5.0
158.mp4,public,5.0
1853.mp4,public,5.067
1798.mp4,public,5.0
944.mp4,public,5.0
1116.mp4,public,5.0
891.mp4,public,5.0
364.mp4,public,5.067
1632.mp4,public,5.0
527.mp4,public,5.063
592.mp4,public,5.063
574.mp4,public,5.0
121.mp4,public,5.067
1220.mp4,public,5.0
1132.mp4,public,5.0
381.mp4,public,5.0
1338.mp4,public,5.067
607.mp4,public,5.063
1792.mp4,public,5.032
971.mp4,public,5.0
1392.mp4,public,5.0
841.mp4,public,5.0
1092.mp4,public,5.0
149.mp4,public,5.063
387.mp4,public,5.0
1616.mp4,public,5.0
1709.mp4,public,5.0
1517.mp4,public,5.0
1355.mp4,public,5.0
34.mp4,public,5.0
278.mp4,public,5.0
661.mp4,public,5.0
790.mp4,public,5.067
1246.mp4,public,5.0
1006.mp4,public,5.0
1595.mp4,public,5.0
342.mp4,public,5.047
1239.mp4,public,5.0
118.mp4,public,5.0
707.mp4,public,5.063
1414.mp4,public,5.067
300.mp4,public,5.0
1643.mp4,public,5.067
202.mp4,public,5.0
882.mp4,public,5.063
966.mp4,public,5.0
916.mp4,public,5.067
578.mp4,public,5.067
1885.mp4,public,5.004
378.mp4,public,5.0
0.mp4,public,5.067
358.mp4,public,5.0
1519.mp4,public,5.067
38.mp4,public,5.0
486.mp4,public,5.0
404.mp4,public,5.0
1589.mp4,public,5.0
1765.mp4,public,5.0
1259.mp4,public,5.0
1346.mp4,public,5.0
21.mp4,public,5.0
1512.mp4,public,5.063
271.mp4,public,5.0
962.mp4,public,5.034
1571.mp4,public,5.067
1566.mp4,public,5.0
368.mp4,public,5.067
1836.mp4,public,5.063
794.mp4,public,5.0
867.mp4,public,5.067
15.mp4,public,5.067
169.mp4,public,5.067
188.mp4,public,5.099
1723.mp4,public,5.075
1474.mp4,public,5.063
1442.mp4,public,5.067
1282.mp4,public,5.0
1224.mp4,public,5.0
545.mp4,public,5.0
293.mp4,public,5.0
206.mp4,public,3.059
1864.mp4,public,5.067
717.mp4,public,5.069
1387.mp4,public,5.014
808.mp4,public,5.067
1022.mp4,public,5.0
523.mp4,public,5.0
315.mp4,public,5.0
983.mp4,public,5.067
1744.mp4,public,5.0
450.mp4,public,5.064
1455.mp4,public,5.0
77.mp4,public,5.067
1883.mp4,public,5.067
1686.mp4,public,5.067
1227.mp4,public,5.051
616.mp4,public,5.0
1764.mp4,public,5.0
666.mp4,public,5.0
412.mp4,public,5.0
1408.mp4,public,5.0
669.mp4,public,5.0
1638.mp4,public,5.075
123.mp4,public_test_2,1.188
479.mp4,public_test_2,1.032
28.mp4,public_test_2,1.688
410.mp4,public_test_2,1.844
408.mp4,public_test_2,2.344
245.mp4,public_test_2,2.375
14.mp4,public_test_2,1.657
312.mp4,public_test_2,1.657
324.mp4,public_test_2,2.094
33.mp4,public_test_2,1.938
280.mp4,public_test_2,1.907
113.mp4,public_test_2,1.5
52.mp4,public_test_2,1.125
58.mp4,public_test_2,1.313
222.mp4,public_test_2,1.125
254.mp4,public_test_2,2.0
227.mp4,public_test_2,2.532
357.mp4,public_test_2,1.375
127.mp4,public_test_2,1.5
106.mp4,public_test_2,1.125
11.mp4,public_test_2,1.313
258.mp4,public_test_2,1.594
299.mp4,public_test_2,2.469
424.mp4,public_test_2,1.032
298.mp4,public_test_2,2.032
114.mp4,public_test_2,2.125
429.mp4,public_test_2,1.5
480.mp4,public_test_2,1.188
40.mp4,public_test_2,1.157
437.mp4,public_test_2,1.25
95.mp4,public_test_2,1.094
266.mp4,public_test_2,1.188
303.mp4,public_test_2,1.5
139.mp4,public_test_2,2.469
120.mp4,public_test_2,1.907
309.mp4,public_test_2,1.938
302.mp4,public_test_2,1.438
19.mp4,public_test_2,1.219
196.mp4,public_test_2,1.844
262.mp4,public_test_2,2.5
359.mp4,public_test_2,1.094
89.mp4,public_test_2,1.813
420.mp4,public_test_2,1.25
462.mp4,public_test_2,2.469
17.mp4,public_test_2,1.594
84.mp4,public_test_2,1.25
5.mp4,public_test_2,2.063
351.mp4,public_test_2,1.938
163.mp4,public_test_2,1.532
414.mp4,public_test_2,1.188
441.mp4,public_test_2,1.532
211.mp4,public_test_2,1.063
201.mp4,public_test_2,1.907
93.mp4,public_test_2,1.657
233.mp4,public_test_2,2.625
195.mp4,public_test_2,1.157
207.mp4,public_test_2,2.375
182.mp4,public_test_2,2.032
147.mp4,public_test_2,2.0
268.mp4,public_test_2,1.782
177.mp4,public_test_2,2.313
453.mp4,public_test_2,2.032
405.mp4,public_test_2,1.032
265.mp4,public_test_2,1.094
369.mp4,public_test_2,1.782
101.mp4,public_test_2,1.094
116.mp4,public_test_2,1.438
428.mp4,public_test_2,1.844
263.mp4,public_test_2,1.157
20.mp4,public_test_2,1.094
74.mp4,public_test_2,1.438
330.mp4,public_test_2,1.157
174.mp4,public_test_2,1.75
433.mp4,public_test_2,2.032
214.mp4,public_test_2,1.032
294.mp4,public_test_2,2.157
427.mp4,public_test_2,1.5
402.mp4,public_test_2,2.188
336.mp4,public_test_2,2.063
249.mp4,public_test_2,1.657
264.mp4,public_test_2,1.938
73.mp4,public_test_2,1.375
161.mp4,public_test_2,1.688
130.mp4,public_test_2,1.407
55.mp4,public_test_2,1.157
189.mp4,public_test_2,1.625
24.mp4,public_test_2,2.407
220.mp4,public_test_2,1.407
51.mp4,public_test_2,2.157
159.mp4,public_test_2,1.094
241.mp4,public_test_2,1.688
35.mp4,public_test_2,2.313
482.mp4,public_test_2,2.188
81.mp4,public_test_2,1.282
390.mp4,public_test_2,1.282
274.mp4,public_test_2,1.657
43.mp4,public_test_2,2.313
57.mp4,public_test_2,2.469
372.mp4,public_test_2,1.063
332.mp4,public_test_2,1.657
244.mp4,public_test_2,1.25
365.mp4,public_test_2,1.563
329.mp4,public_test_2,2.0
138.mp4,public_test_2,1.5
190.mp4,public_test_2,1.313
250.mp4,public_test_2,1.625
347.mp4,public_test_2,2.219
270.mp4,public_test_2,1.719
160.mp4,public_test_2,1.844
469.mp4,public_test_2,2.657
449.mp4,public_test_2,2.313
221.mp4,public_test_2,2.032
134.mp4,public_test_2,1.688
392.mp4,public_test_2,1.563
238.mp4,public_test_2,1.625
98.mp4,public_test_2,1.469
59.mp4,public_test_2,1.344
252.mp4,public_test_2,2.188
474.mp4,public_test_2,1.719
229.mp4,public_test_2,2.094
386.mp4,public_test_2,1.5
96.mp4,public_test_2,2.0
422.mp4,public_test_2,1.125
122.mp4,public_test_2,1.188
144.mp4,public_test_2,1.469
45.mp4,public_test_2,2.375
452.mp4,public_test_2,1.219
237.mp4,public_test_2,1.282
215.mp4,public_test_2,1.313
311.mp4,public_test_2,2.094
455.mp4,public_test_2,2.407
277.mp4,public_test_2,1.25
297.mp4,public_test_2,1.344
78.mp4,public_test_2,1.813
253.mp4,public_test_2,1.407
468.mp4,public_test_2,1.344
425.mp4,public_test_2,1.532
320.mp4,public_test_2,2.313
125.mp4,public_test_2,1.907
354.mp4,public_test_2,1.844
484.mp4,public_test_2,1.188
168.mp4,public_test_2,2.438
314.mp4,public_test_2,1.719
417.mp4,public_test_2,1.688
331.mp4,public_test_2,2.063
194.mp4,public_test_2,2.157
382.mp4,public_test_2,2.375
333.mp4,public_test_2,1.625
343.mp4,public_test_2,1.375
256.mp4,public_test_2,1.782
162.mp4,public_test_2,2.25
170.mp4,public_test_2,1.125
75.mp4,public_test_2,2.375
459.mp4,public_test_2,1.188
64.mp4,public_test_2,2.188
292.mp4,public_test_2,1.375
3.mp4,public_test_2,1.438
166.mp4,public_test_2,1.188
464.mp4,public_test_2,2.188
165.mp4,public_test_2,1.375
37.mp4,public_test_2,1.594
310.mp4,public_test_2,1.594
97.mp4,public_test_2,1.469
115.mp4,public_test_2,2.438
288.mp4,public_test_2,1.657
8.mp4,public_test_2,2.313
172.mp4,public_test_2,1.094
413.mp4,public_test_2,2.188
185.mp4,public_test_2,1.5
132.mp4,public_test_2,2.344
430.mp4,public_test_2,2.625
470.mp4,public_test_2,1.282
316.mp4,public_test_2,2.032
473.mp4,public_test_2,2.0
446.mp4,public_test_2,1.282
419.mp4,public_test_2,1.219
187.mp4,public_test_2,2.032
259.mp4,public_test_2,1.625
42.mp4,public_test_2,2.5
317.mp4,public_test_2,2.0
394.mp4,public_test_2,2.5
142.mp4,public_test_2,1.532
224.mp4,public_test_2,1.344
176.mp4,public_test_2,1.438
180.mp4,public_test_2,1.313
246.mp4,public_test_2,1.594
295.mp4,public_test_2,1.938
461.mp4,public_test_2,1.25
117.mp4,public_test_2,1.875
109.mp4,public_test_2,1.938
353.mp4,public_test_2,1.563
12.mp4,public_test_2,2.407
69.mp4,public_test_2,1.188
318.mp4,public_test_2,2.657
352.mp4,public_test_2,1.094
403.mp4,public_test_2,1.157
366.mp4,public_test_2,1.875
248.mp4,public_test_2,1.657
234.mp4,public_test_2,1.219
478.mp4,public_test_2,2.188
191.mp4,public_test_2,1.625
377.mp4,public_test_2,2.032
18.mp4,public_test_2,1.688
400.mp4,public_test_2,1.282
447.mp4,public_test_2,1.157
313.mp4,public_test_2,1.563
483.mp4,public_test_2,2.282
375.mp4,public_test_2,2.219
341.mp4,public_test_2,1.657
83.mp4,public_test_2,2.344
197.mp4,public_test_2,1.469
62.mp4,public_test_2,2.219
235.mp4,public_test_2,2.063
39.mp4,public_test_2,1.313
236.mp4,public_test_2,1.969
360.mp4,public_test_2,1.282
47.mp4,public_test_2,1.063
61.mp4,public_test_2,2.0
26.mp4,public_test_2,1.219
209.mp4,public_test_2,1.782
228.mp4,public_test_2,1.407
273.mp4,public_test_2,2.688
322.mp4,public_test_2,1.344
356.mp4,public_test_2,2.469
444.mp4,public_test_2,1.625
204.mp4,public_test_2,1.782
388.mp4,public_test_2,1.188
338.mp4,public_test_2,1.25
54.mp4,public_test_2,1.375
71.mp4,public_test_2,2.125
128.mp4,public_test_2,1.594
431.mp4,public_test_2,1.907
289.mp4,public_test_2,1.313
68.mp4,public_test_2,2.0
291.mp4,public_test_2,1.813
305.mp4,public_test_2,1.157
126.mp4,public_test_2,2.032
231.mp4,public_test_2,2.438
290.mp4,public_test_2,1.407
397.mp4,public_test_2,1.157
304.mp4,public_test_2,1.657
171.mp4,public_test_2,1.282
436.mp4,public_test_2,1.875
370.mp4,public_test_2,1.625
90.mp4,public_test_2,1.375
48.mp4,public_test_2,1.157
32.mp4,public_test_2,1.219
285.mp4,public_test_2,1.438
154.mp4,public_test_2,2.094
384.mp4,public_test_2,2.094
94.mp4,public_test_2,1.375
9.mp4,public_test_2,1.375
371.mp4,public_test_2,1.188
99.mp4,public_test_2,1.844
141.mp4,public_test_2,1.688
335.mp4,public_test_2,1.625
178.mp4,public_test_2,1.375
485.mp4,public_test_2,2.25
152.mp4,public_test_2,2.438
1.mp4,public_test_2,1.875
416.mp4,public_test_2,1.407
334.mp4,public_test_2,1.907
27.mp4,public_test_2,2.219
286.mp4,public_test_2,2.5
6.mp4,public_test_2,2.219
223.mp4,public_test_2,2.125
323.mp4,public_test_2,2.438
219.mp4,public_test_2,1.469
328.mp4,public_test_2,1.094
53.mp4,public_test_2,1.375
212.mp4,public_test_2,1.5
438.mp4,public_test_2,1.844
131.mp4,public_test_2,1.157
49.mp4,public_test_2,1.219
87.mp4,public_test_2,1.657
362.mp4,public_test_2,1.25
146.mp4,public_test_2,1.625
66.mp4,public_test_2,1.844
283.mp4,public_test_2,1.907
279.mp4,public_test_2,1.5
350.mp4,public_test_2,1.563
395.mp4,public_test_2,2.188
100.mp4,public_test_2,1.282
307.mp4,public_test_2,2.094
226.mp4,public_test_2,1.907
284.mp4,public_test_2,2.063
205.mp4,public_test_2,1.063
411.mp4,public_test_2,1.469
239.mp4,public_test_2,1.25
321.mp4,public_test_2,1.688
456.mp4,public_test_2,1.157
308.mp4,public_test_2,2.344
208.mp4,public_test_2,2.125
65.mp4,public_test_2,2.188
296.mp4,public_test_2,2.657
23.mp4,public_test_2,1.032
76.mp4,public_test_2,1.938
184.mp4,public_test_2,1.875
472.mp4,public_test_2,2.094
13.mp4,public_test_2,1.563
80.mp4,public_test_2,1.313
383.mp4,public_test_2,1.5
79.mp4,public_test_2,1.063
50.mp4,public_test_2,2.219
181.mp4,public_test_2,1.219
63.mp4,public_test_2,1.75
345.mp4,public_test_2,2.657
167.mp4,public_test_2,1.625
442.mp4,public_test_2,1.657
460.mp4,public_test_2,1.063
476.mp4,public_test_2,2.313
401.mp4,public_test_2,1.594
406.mp4,public_test_2,2.094
56.mp4,public_test_2,1.282
67.mp4,public_test_2,1.969
326.mp4,public_test_2,2.375
4.mp4,public_test_2,1.125
102.mp4,public_test_2,2.188
88.mp4,public_test_2,1.375
481.mp4,public_test_2,2.094
355.mp4,public_test_2,1.219
199.mp4,public_test_2,2.094
186.mp4,public_test_2,1.25
448.mp4,public_test_2,1.625
466.mp4,public_test_2,1.469
10.mp4,public_test_2,2.5
389.mp4,public_test_2,1.344
415.mp4,public_test_2,2.063
193.mp4,public_test_2,2.219
112.mp4,public_test_2,1.657
376.mp4,public_test_2,1.375
463.mp4,public_test_2,1.282
213.mp4,public_test_2,1.282
367.mp4,public_test_2,2.063
391.mp4,public_test_2,1.657
340.mp4,public_test_2,1.907
344.mp4,public_test_2,1.282
409.mp4,public_test_2,1.657
251.mp4,public_test_2,1.313
7.mp4,public_test_2,1.5
129.mp4,public_test_2,1.219
399.mp4,public_test_2,1.157
272.mp4,public_test_2,1.219
153.mp4,public_test_2,2.063
363.mp4,public_test_2,1.563
60.mp4,public_test_2,1.532
158.mp4,public_test_2,1.407
301.mp4,public_test_2,1.125
82.mp4,public_test_2,1.657
423.mp4,public_test_2,1.532
44.mp4,public_test_2,2.438
364.mp4,public_test_2,1.032
145.mp4,public_test_2,1.563
136.mp4,public_test_2,2.0
242.mp4,public_test_2,2.313
121.mp4,public_test_2,2.282
426.mp4,public_test_2,1.844
276.mp4,public_test_2,1.438
232.mp4,public_test_2,1.594
381.mp4,public_test_2,1.375
374.mp4,public_test_2,2.125
111.mp4,public_test_2,1.657
216.mp4,public_test_2,1.282
164.mp4,public_test_2,1.563
421.mp4,public_test_2,1.719
105.mp4,public_test_2,1.782
348.mp4,public_test_2,1.344
260.mp4,public_test_2,1.594
346.mp4,public_test_2,2.094
149.mp4,public_test_2,2.594
387.mp4,public_test_2,1.469
247.mp4,public_test_2,1.688
327.mp4,public_test_2,1.313
91.mp4,public_test_2,2.469
72.mp4,public_test_2,2.5
465.mp4,public_test_2,1.063
319.mp4,public_test_2,1.782
31.mp4,public_test_2,2.282
457.mp4,public_test_2,1.438
29.mp4,public_test_2,2.157
173.mp4,public_test_2,1.094
435.mp4,public_test_2,1.063
148.mp4,public_test_2,1.063
34.mp4,public_test_2,1.782
278.mp4,public_test_2,2.375
203.mp4,public_test_2,2.0
107.mp4,public_test_2,1.813
16.mp4,public_test_2,1.5
183.mp4,public_test_2,1.625
124.mp4,public_test_2,2.125
156.mp4,public_test_2,1.938
342.mp4,public_test_2,1.813
445.mp4,public_test_2,2.282
337.mp4,public_test_2,1.407
118.mp4,public_test_2,1.563
418.mp4,public_test_2,1.375
110.mp4,public_test_2,1.532
477.mp4,public_test_2,1.219
300.mp4,public_test_2,1.938
46.mp4,public_test_2,1.313
230.mp4,public_test_2,1.813
108.mp4,public_test_2,1.094
451.mp4,public_test_2,1.157
306.mp4,public_test_2,1.094
155.mp4,public_test_2,2.344
202.mp4,public_test_2,1.563
179.mp4,public_test_2,1.032
454.mp4,public_test_2,1.907
104.mp4,public_test_2,1.782
143.mp4,public_test_2,2.438
92.mp4,public_test_2,1.75
36.mp4,public_test_2,1.125
281.mp4,public_test_2,2.344
257.mp4,public_test_2,1.344
150.mp4,public_test_2,1.719
407.mp4,public_test_2,1.188
243.mp4,public_test_2,1.094
137.mp4,public_test_2,2.188
378.mp4,public_test_2,2.5
393.mp4,public_test_2,1.219
30.mp4,public_test_2,1.344
0.mp4,public_test_2,2.407
358.mp4,public_test_2,2.157
38.mp4,public_test_2,2.25
41.mp4,public_test_2,2.157
275.mp4,public_test_2,1.625
22.mp4,public_test_2,1.5
404.mp4,public_test_2,2.313
287.mp4,public_test_2,1.594
86.mp4,public_test_2,2.25
439.mp4,public_test_2,2.282
21.mp4,public_test_2,1.344
271.mp4,public_test_2,1.5
140.mp4,public_test_2,2.469
225.mp4,public_test_2,1.625
157.mp4,public_test_2,1.25
339.mp4,public_test_2,2.188
443.mp4,public_test_2,1.344
70.mp4,public_test_2,1.219
380.mp4,public_test_2,2.094
368.mp4,public_test_2,1.407
434.mp4,public_test_2,1.844
282.mp4,public_test_2,1.063
385.mp4,public_test_2,2.157
349.mp4,public_test_2,2.188
15.mp4,public_test_2,1.313
169.mp4,public_test_2,1.719
188.mp4,public_test_2,2.438
133.mp4,public_test_2,2.75
475.mp4,public_test_2,1.969
458.mp4,public_test_2,1.844
471.mp4,public_test_2,1.657
293.mp4,public_test_2,2.813
206.mp4,public_test_2,1.782
267.mp4,public_test_2,1.25
85.mp4,public_test_2,1.25
192.mp4,public_test_2,1.25
269.mp4,public_test_2,1.282
315.mp4,public_test_2,1.438
218.mp4,public_test_2,1.875
255.mp4,public_test_2,1.25
398.mp4,public_test_2,1.282
450.mp4,public_test_2,1.688
77.mp4,public_test_2,1.907
119.mp4,public_test_2,2.032
432.mp4,public_test_2,1.594
379.mp4,public_test_2,1.282
396.mp4,public_test_2,1.094
175.mp4,public_test_2,1.438
210.mp4,public_test_2,1.657
240.mp4,public_test_2,1.625
440.mp4,public_test_2,2.188
467.mp4,public_test_2,1.188
200.mp4,public_test_2,2.532
261.mp4,public_test_2,1.344
373.mp4,public_test_2,2.25
198.mp4,public_test_2,1.344
2.mp4,public_test_2,1.125
325.mp4,public_test_2,2.125
103.mp4,public_test_2,2.469
412.mp4,public_test_2,1.782
217.mp4,public_test_2,1.938
151.mp4,public_test_2,2.25
135.mp4,public_test_2,2.032
25.mp4,public_test_2,1.063
361.mp4,public_test_2,1.969
738.mp4,train,5.0
1336.mp4,train,5.067
28.mp4,train,5.0
565.mp4,train,5.0
1475.mp4,train,5.072
726.mp4,train,5.0
1415.mp4,train,5.0
408.mp4,train,5.067
1665.mp4,train,5.0
1580.mp4,train,5.0
1054.mp4,train,5.0
1681.mp4,train,5.067
14.mp4,train,5.0
312.mp4,train,5.0
929.mp4,train,5.067
33.mp4,train,5.075
1339.mp4,train,5.0
113.mp4,train,5.067
1705.mp4,train,5.075
1343.mp4,train,5.063
52.mp4,train,5.0
58.mp4,train,5.0
668.mp4,train,5.0
1657.mp4,train,5.057
222.mp4,train,5.0
491.mp4,train,5.067
254.mp4,train,5.0
1027.mp4,train,5.0
1229.mp4,train,5.014
227.mp4,train,5.067
1859.mp4,train,5.0
1777.mp4,train,5.067
1142.mp4,train,5.0
106.mp4,train,5.0
1231.mp4,train,5.067
11.mp4,train,5.0
1751.mp4,train,5.0
1138.mp4,train,5.0
258.mp4,train,5.051
846.mp4,train,5.0
1388.mp4,train,5.069
1109.mp4,train,5.0
1459.mp4,train,5.0
1834.mp4,train,5.042
299.mp4,train,5.0
424.mp4,train,5.067
1072.mp4,train,5.067
298.mp4,train,5.067
114.mp4,train,5.067
1101.mp4,train,5.051
837.mp4,train,5.0
1679.mp4,train,5.0
990.mp4,train,5.063
652.mp4,train,5.072
974.mp4,train,5.0
608.mp4,train,5.047
429.mp4,train,5.067
693.mp4,train,5.058
577.mp4,train,5.0
1417.mp4,train,5.067
480.mp4,train,5.067
40.mp4,train,5.0
1497.mp4,train,5.0
1099.mp4,train,5.0
1064.mp4,train,5.069
1163.mp4,train,5.0
1438.mp4,train,5.0
1666.mp4,train,5.067
1788.mp4,train,5.067
844.mp4,train,5.034
1088.mp4,train,5.0
715.mp4,train,5.0
1351.mp4,train,5.063
1820.mp4,train,5.0
1704.mp4,train,5.0
1450.mp4,train,5.0
1030.mp4,train,5.0
1285.mp4,train,5.0
834.mp4,train,5.067
120.mp4,train,5.0
987.mp4,train,5.063
309.mp4,train,5.067
19.mp4,train,5.0
991.mp4,train,5.067
1610.mp4,train,5.063
1484.mp4,train,5.075
1435.mp4,train,5.067
1024.mp4,train,5.067
747.mp4,train,5.0
262.mp4,train,5.051
359.mp4,train,5.0
1688.mp4,train,5.067
89.mp4,train,5.0
462.mp4,train,5.051
1770.mp4,train,5.067
886.mp4,train,5.0
84.mp4,train,0.5
1165.mp4,train,5.0
1004.mp4,train,5.0
1347.mp4,train,5.0
667.mp4,train,5.0
1017.mp4,train,5.0
1443.mp4,train,5.063
5.mp4,train,5.0
670.mp4,train,5.0
818.mp4,train,5.0
351.mp4,train,5.0
1697.mp4,train,5.0
1872.mp4,train,5.0
1251.mp4,train,5.067
414.mp4,train,5.067
993.mp4,train,5.0
441.mp4,train,5.067
1581.mp4,train,5.072
1179.mp4,train,5.067
678.mp4,train,5.0
211.mp4,train,4.0
1352.mp4,train,5.0
1783.mp4,train,5.067
1654.mp4,train,5.0
1828.mp4,train,5.067
93.mp4,train,5.0
1153.mp4,train,5.0
1569.mp4,train,5.067
1377.mp4,train,5.075
899.mp4,train,5.0
954.mp4,train,5.0
195.mp4,train,5.067
207.mp4,train,5.067
630.mp4,train,5.067
1477.mp4,train,5.067
1578.mp4,train,5.0
758.mp4,train,5.067
182.mp4,train,5.0
865.mp4,train,5.04
530.mp4,train,5.0
1756.mp4,train,5.014
878.mp4,train,5.0
147.mp4,train,5.067
1763.mp4,train,5.067
1130.mp4,train,5.0
268.mp4,train,5.051
1280.mp4,train,5.067
177.mp4,train,5.0
453.mp4,train,5.0
405.mp4,train,5.0
1322.mp4,train,5.067
265.mp4,train,5.0
1523.mp4,train,5.095
369.mp4,train,5.0
690.mp4,train,5.067
101.mp4,train,5.063
1775.mp4,train,5.067
116.mp4,train,5.067
1713.mp4,train,5.0
519.mp4,train,5.0
1808.mp4,train,5.0
1086.mp4,train,5.051
967.mp4,train,5.0
585.mp4,train,5.0
1097.mp4,train,5.0
1169.mp4,train,5.0
428.mp4,train,5.0
1827.mp4,train,5.067
1720.mp4,train,5.0
1331.mp4,train,5.0
20.mp4,train,5.0
975.mp4,train,5.067
870.mp4,train,5.067
508.mp4,train,3.4
1235.mp4,train,5.0
1463.mp4,train,5.014
1456.mp4,train,5.067
514.mp4,train,5.039
1786.mp4,train,5.067
433.mp4,train,5.067
610.mp4,train,5.0
1680.mp4,train,5.004
1460.mp4,train,5.0
1015.mp4,train,5.0
1492.mp4,train,5.067
1127.mp4,train,5.0
402.mp4,train,5.0
1078.mp4,train,5.0
336.mp4,train,5.067
249.mp4,train,5.0
1372.mp4,train,5.0
1449.mp4,train,5.004
264.mp4,train,5.047
73.mp4,train,5.014
815.mp4,train,5.039
1270.mp4,train,5.0
1510.mp4,train,5.0
130.mp4,train,5.0
55.mp4,train,5.067
189.mp4,train,5.0
1738.mp4,train,5.063
1645.mp4,train,5.0
805.mp4,train,5.0
1740.mp4,train,5.0
958.mp4,train,5.0
24.mp4,train,5.067
1215.mp4,train,5.0
1562.mp4,train,5.067
1207.mp4,train,5.067
1111.mp4,train,5.0
1698.mp4,train,5.0
1083.mp4,train,5.0
810.mp4,train,5.0
1110.mp4,train,5.067
547.mp4,train,5.099
1556.mp4,train,5.0
1731.mp4,train,5.0
774.mp4,train,5.0
241.mp4,train,5.0
658.mp4,train,5.0
1314.mp4,train,5.0
1689.mp4,train,5.0
35.mp4,train,5.067
1307.mp4,train,5.0
81.mp4,train,5.063
603.mp4,train,5.051
1599.mp4,train,5.0
1721.mp4,train,5.0
1202.mp4,train,5.0
1068.mp4,train,5.032
1300.mp4,train,4.0
1472.mp4,train,5.067
1077.mp4,train,5.067
1254.mp4,train,5.0
713.mp4,train,5.067
860.mp4,train,5.0
274.mp4,train,5.0
595.mp4,train,5.067
699.mp4,train,5.067
1400.mp4,train,5.0
372.mp4,train,5.067
1168.mp4,train,5.0
681.mp4,train,5.067
332.mp4,train,5.067
244.mp4,train,5.067
994.mp4,train,5.0
365.mp4,train,5.0
329.mp4,train,5.067
501.mp4,train,5.0
138.mp4,train,5.067
1026.mp4,train,5.0
1583.mp4,train,5.067
1345.mp4,train,5.067
1468.mp4,train,5.042
1059.mp4,train,5.067
270.mp4,train,5.0
1824.mp4,train,5.067
1146.mp4,train,0.5
1857.mp4,train,5.067
1551.mp4,train,5.0
1409.mp4,train,5.067
469.mp4,train,5.067
1787.mp4,train,5.0
1123.mp4,train,5.051
1649.mp4,train,5.063
1094.mp4,train,5.067
1521.mp4,train,5.034
845.mp4,train,5.067
1728.mp4,train,5.042
524.mp4,train,5.014
735.mp4,train,5.0
134.mp4,train,5.0
1822.mp4,train,5.067
1211.mp4,train,5.0
835.mp4,train,5.0
238.mp4,train,5.067
98.mp4,train,5.0
591.mp4,train,5.067
1228.mp4,train,5.067
521.mp4,train,5.0
252.mp4,train,5.067
1865.mp4,train,5.067
1667.mp4,train,5.004
511.mp4,train,5.0
759.mp4,train,5.067
229.mp4,train,5.063
543.mp4,train,5.067
1193.mp4,train,5.0
386.mp4,train,5.0
96.mp4,train,5.0
1668.mp4,train,5.067
422.mp4,train,5.072
122.mp4,train,5.067
1283.mp4,train,5.067
1008.mp4,train,5.063
144.mp4,train,5.067
1188.mp4,train,5.0
772.mp4,train,5.067
1687.mp4,train,5.067
1367.mp4,train,5.0
1774.mp4,train,5.063
1513.mp4,train,5.063
452.mp4,train,5.067
792.mp4,train,5.067
1640.mp4,train,5.0
1341.mp4,train,5.0
1164.mp4,train,5.0
1572.mp4,train,5.0
1269.mp4,train,5.067
992.mp4,train,5.067
1862.mp4,train,5.0
1637.mp4,train,5.0
1248.mp4,train,5.067
455.mp4,train,5.0
1103.mp4,train,5.0
1750.mp4,train,5.0
1364.mp4,train,5.0
1520.mp4,train,5.072
582.mp4,train,4.2
1308.mp4,train,5.0
78.mp4,train,5.0
1412.mp4,train,5.042
1104.mp4,train,5.0
1067.mp4,train,5.034
1233.mp4,train,5.0
1425.mp4,train,5.0
253.mp4,train,5.051
468.mp4,train,5.0
425.mp4,train,5.067
754.mp4,train,5.0
125.mp4,train,5.067
982.mp4,train,5.0
1605.mp4,train,5.067
354.mp4,train,5.069
897.mp4,train,5.034
631.mp4,train,5.067
823.mp4,train,5.067
168.mp4,train,5.075
716.mp4,train,5.0
314.mp4,train,5.0
904.mp4,train,5.0
1833.mp4,train,5.0
1873.mp4,train,5.0
1735.mp4,train,5.0
417.mp4,train,5.0
1173.mp4,train,5.067
1768.mp4,train,5.0
1540.mp4,train,5.067
194.mp4,train,5.004
1555.mp4,train,5.0
1114.mp4,train,5.0
382.mp4,train,5.0
1176.mp4,train,5.0
921.mp4,train,5.0
809.mp4,train,5.0
333.mp4,train,5.0
1199.mp4,train,5.004
1058.mp4,train,5.0
1623.mp4,train,5.0
1089.mp4,train,5.063
343.mp4,train,5.067
256.mp4,train,5.067
1633.mp4,train,5.067
1432.mp4,train,5.0
1553.mp4,train,5.0
576.mp4,train,5.067
596.mp4,train,5.067
1162.mp4,train,5.0
874.mp4,train,5.0
1350.mp4,train,5.0
75.mp4,train,5.067
459.mp4,train,5.0
292.mp4,train,5.067
3.mp4,train,5.063
1832.mp4,train,5.042
650.mp4,train,5.072
1778.mp4,train,5.0
570.mp4,train,3.5
166.mp4,train,5.0
464.mp4,train,5.069
1489.mp4,train,5.0
812.mp4,train,5.0
684.mp4,train,5.0
1574.mp4,train,5.067
811.mp4,train,5.0
791.mp4,train,5.067
1703.mp4,train,5.0
613.mp4,train,5.0
691.mp4,train,5.067
165.mp4,train,5.075
37.mp4,train,5.067
1606.mp4,train,5.0
1884.mp4,train,5.0
310.mp4,train,5.0
702.mp4,train,5.067
1267.mp4,train,5.0
741.mp4,train,5.0
97.mp4,train,5.0
1533.mp4,train,5.0
1204.mp4,train,5.0
589.mp4,train,5.014
858.mp4,train,5.042
1410.mp4,train,5.063
698.mp4,train,5.0
560.mp4,train,5.0
1641.mp4,train,5.0
115.mp4,train,5.004
544.mp4,train,5.067
288.mp4,train,5.0
8.mp4,train,5.067
1401.mp4,train,5.0
172.mp4,train,5.0
413.mp4,train,5.0
1858.mp4,train,5.0
185.mp4,train,5.067
1240.mp4,train,5.069
869.mp4,train,5.0
775.mp4,train,5.067
1588.mp4,train,5.0
1644.mp4,train,5.072
615.mp4,train,5.067
849.mp4,train,5.0
1225.mp4,train,5.075
1071.mp4,train,5.0
1653.mp4,train,5.0
1371.mp4,train,5.0
430.mp4,train,5.067
1772.mp4,train,5.0
1541.mp4,train,5.067
1664.mp4,train,5.0
1028.mp4,train,5.0
839.mp4,train,5.067
875.mp4,train,5.067
1658.mp4,train,5.067
1831.mp4,train,5.0
470.mp4,train,5.046
1016.mp4,train,5.067
316.mp4,train,5.0
473.mp4,train,5.067
446.mp4,train,5.051
259.mp4,train,5.0
1411.mp4,train,5.0
1880.mp4,train,5.067
42.mp4,train,5.059
317.mp4,train,5.0
931.mp4,train,5.0
1241.mp4,train,5.0
1002.mp4,train,5.063
686.mp4,train,5.0
1365.mp4,train,5.0
142.mp4,train,5.0
1330.mp4,train,5.0
1695.mp4,train,5.0
656.mp4,train,5.0
1594.mp4,train,5.067
1672.mp4,train,5.067
1480.mp4,train,5.067
493.mp4,train,5.063
180.mp4,train,5.0
246.mp4,train,5.0
1124.mp4,train,5.0
295.mp4,train,5.0
1047.mp4,train,5.0
995.mp4,train,5.067
461.mp4,train,5.0
117.mp4,train,5.0
1547.mp4,train,5.004
896.mp4,train,5.067
1608.mp4,train,5.063
109.mp4,train,5.0
353.mp4,train,5.067
12.mp4,train,5.014
1863.mp4,train,5.067
69.mp4,train,5.0
518.mp4,train,5.004
1137.mp4,train,5.067
862.mp4,train,5.0
564.mp4,train,5.0
580.mp4,train,5.0
1532.mp4,train,5.0
1221.mp4,train,5.067
366.mp4,train,5.0
248.mp4,train,5.077
1810.mp4,train,5.014
1743.mp4,train,5.067
798.mp4,train,5.067
478.mp4,train,5.076
191.mp4,train,5.067
746.mp4,train,5.0
1577.mp4,train,5.067
1112.mp4,train,5.0
912.mp4,train,5.072
1779.mp4,train,0.688
802.mp4,train,5.0
1237.mp4,train,5.0
1096.mp4,train,5.0
1021.mp4,train,5.0
18.mp4,train,5.0
709.mp4,train,5.067
800.mp4,train,5.0
1319.mp4,train,5.0
447.mp4,train,5.067
313.mp4,train,3.5
1650.mp4,train,5.0
750.mp4,train,5.051
483.mp4,train,5.0
375.mp4,train,5.0
341.mp4,train,5.0
908.mp4,train,5.067
1213.mp4,train,5.0
618.mp4,train,5.0
1591.mp4,train,5.0
1621.mp4,train,5.072
83.mp4,train,5.0
197.mp4,train,5.032
1619.mp4,train,5.0
1279.mp4,train,5.0
662.mp4,train,5.0
1420.mp4,train,5.042
1706.mp4,train,5.0
39.mp4,train,5.067
920.mp4,train,5.0
236.mp4,train,5.067
1789.mp4,train,5.0
629.mp4,train,5.0
1069.mp4,train,5.067
61.mp4,train,5.0
26.mp4,train,5.0
209.mp4,train,5.0
745.mp4,train,5.0
907.mp4,train,5.075
734.mp4,train,5.067
824.mp4,train,5.0
1304.mp4,train,5.067
322.mp4,train,5.0
356.mp4,train,5.067
1366.mp4,train,5.067
444.mp4,train,5.067
204.mp4,train,4.6
1403.mp4,train,5.0
388.mp4,train,5.063
1866.mp4,train,5.063
1655.mp4,train,5.0
961.mp4,train,5.004
1384.mp4,train,5.067
719.mp4,train,5.072
1568.mp4,train,5.0
1288.mp4,train,3.834
900.mp4,train,5.04
556.mp4,train,5.067
1841.mp4,train,5.004
54.mp4,train,5.0
1192.mp4,train,5.0
1585.mp4,train,5.072
1699.mp4,train,5.0
1714.mp4,train,5.0
71.mp4,train,5.004
636.mp4,train,5.0
859.mp4,train,5.067
784.mp4,train,5.0
128.mp4,train,5.067
431.mp4,train,5.0
1019.mp4,train,5.0
1646.mp4,train,5.051
572.mp4,train,5.0
568.mp4,train,5.0
697.mp4,train,5.0
1256.mp4,train,5.0
980.mp4,train,5.072
753.mp4,train,5.067
68.mp4,train,5.0
771.mp4,train,5.075
1029.mp4,train,5.0
1844.mp4,train,5.065
126.mp4,train,5.0
711.mp4,train,5.0
1431.mp4,train,4.6
1131.mp4,train,5.0
504.mp4,train,5.0
1190.mp4,train,5.0
1604.mp4,train,5.067
231.mp4,train,5.0
290.mp4,train,5.067
836.mp4,train,5.067
1427.mp4,train,5.056
1281.mp4,train,5.067
1549.mp4,train,5.0
304.mp4,train,5.0
593.mp4,train,3.534
171.mp4,train,5.071
951.mp4,train,5.0
1034.mp4,train,5.0
825.mp4,train,5.067
1531.mp4,train,5.072
535.mp4,train,5.067
657.mp4,train,5.0
1297.mp4,train,5.051
1046.mp4,train,5.0
643.mp4,train,5.0
1446.mp4,train,5.0
1296.mp4,train,5.067
1185.mp4,train,5.063
90.mp4,train,5.067
796.mp4,train,5.0
48.mp4,train,5.075
1639.mp4,train,5.067
1344.mp4,train,5.067
1044.mp4,train,5.0
285.mp4,train,5.0
1702.mp4,train,5.051
1546.mp4,train,5.0
154.mp4,train,5.063
888.mp4,train,5.063
94.mp4,train,5.0
1881.mp4,train,5.0
1135.mp4,train,5.0
1603.mp4,train,5.0
1222.mp4,train,5.067
371.mp4,train,5.071
1882.mp4,train,5.0
1729.mp4,train,5.063
1515.mp4,train,5.056
855.mp4,train,5.067
1539.mp4,train,5.04
99.mp4,train,5.067
141.mp4,train,5.0
1652.mp4,train,5.0
1354.mp4,train,5.0
1567.mp4,train,5.0
893.mp4,train,5.067
1620.mp4,train,5.0
952.mp4,train,5.0
1534.mp4,train,5.0
1066.mp4,train,5.067
485.mp4,train,5.075
1727.mp4,train,5.0
152.mp4,train,5.0
1465.mp4,train,5.0
1.mp4,train,5.057
1042.mp4,train,5.0
1337.mp4,train,5.0
1886.mp4,train,5.0
1814.mp4,train,5.0
1303.mp4,train,5.0
1182.mp4,train,5.0
1736.mp4,train,5.0
1433.mp4,train,5.067
704.mp4,train,5.0
1418.mp4,train,5.0
1074.mp4,train,5.0
1419.mp4,train,5.047
416.mp4,train,5.067
334.mp4,train,5.051
1500.mp4,train,5.0
840.mp4,train,5.0
1333.mp4,train,5.051
873.mp4,train,5.063
1663.mp4,train,5.072
219.mp4,train,5.0
1602.mp4,train,5.0
769.mp4,train,5.067
645.mp4,train,5.067
328.mp4,train,5.0
53.mp4,train,5.067
674.mp4,train,5.0
438.mp4,train,5.0
131.mp4,train,5.0
1306.mp4,train,5.0
1329.mp4,train,5.0
1413.mp4,train,5.042
1236.mp4,train,5.04
623.mp4,train,5.072
1584.mp4,train,5.063
976.mp4,train,5.067
584.mp4,train,5.0
87.mp4,train,5.082
1061.mp4,train,5.067
1040.mp4,train,5.063
146.mp4,train,5.063
816.mp4,train,5.0
1136.mp4,train,5.075
1817.mp4,train,5.0
1216.mp4,train,5.0
1870.mp4,train,5.067
632.mp4,train,5.0
66.mp4,train,5.0
1056.mp4,train,5.0
1596.mp4,train,5.0
927.mp4,train,5.0
797.mp4,train,5.063
515.mp4,train,5.067
1252.mp4,train,5.014
1874.mp4,train,5.067
1050.mp4,train,5.063
1746.mp4,train,5.0
541.mp4,train,5.067
279.mp4,train,5.0
1535.mp4,train,5.0
1627.mp4,train,5.067
350.mp4,train,5.067
395.mp4,train,5.063
579.mp4,train,5.0
494.mp4,train,5.0
782.mp4,train,5.0
600.mp4,train,5.0
673.mp4,train,5.0
1081.mp4,train,5.0
946.mp4,train,5.067
813.mp4,train,5.0
307.mp4,train,5.0
676.mp4,train,5.0
1815.mp4,train,5.0
941.mp4,train,5.0
742.mp4,train,5.0
1767.mp4,train,5.0
1707.mp4,train,5.0
692.mp4,train,5.067
284.mp4,train,5.067
894.mp4,train,5.039
205.mp4,train,5.0
1554.mp4,train,5.069
1209.mp4,train,5.0
1717.mp4,train,5.0
885.mp4,train,5.067
553.mp4,train,5.004
456.mp4,train,5.0
1416.mp4,train,5.067
1507.mp4,train,5.067
308.mp4,train,5.0
1290.mp4,train,5.067
1557.mp4,train,5.0
1390.mp4,train,5.0
736.mp4,train,5.0
1230.mp4,train,5.067
296.mp4,train,5.069
534.mp4,train,5.067
1504.mp4,train,5.0
795.mp4,train,5.067
1070.mp4,train,5.0
76.mp4,train,5.0
1210.mp4,train,5.067
490.mp4,train,5.067
641.mp4,train,5.0
472.mp4,train,5.063
13.mp4,train,5.0
80.mp4,train,5.0
1260.mp4,train,5.067
383.mp4,train,5.0
1479.mp4,train,5.0
1038.mp4,train,5.0
79.mp4,train,5.0
1452.mp4,train,5.0
1794.mp4,train,5.067
1106.mp4,train,5.0
1052.mp4,train,5.0
778.mp4,train,5.0
63.mp4,train,5.0
1617.mp4,train,5.042
1543.mp4,train,5.067
1395.mp4,train,5.0
864.mp4,train,5.067
345.mp4,train,5.0
167.mp4,train,5.0
1373.mp4,train,5.0
1877.mp4,train,5.067
1624.mp4,train,5.0
913.mp4,train,5.0
1478.mp4,train,5.0
807.mp4,train,5.075
985.mp4,train,5.004
401.mp4,train,5.072
1576.mp4,train,5.0
877.mp4,train,5.014
827.mp4,train,5.067
1148.mp4,train,4.023
1501.mp4,train,5.0
56.mp4,train,5.0
67.mp4,train,5.0
326.mp4,train,5.0
1076.mp4,train,5.0
694.mp4,train,5.0
847.mp4,train,5.067
1117.mp4,train,5.0
1797.mp4,train,5.0
1250.mp4,train,5.0
1181.mp4,train,5.0
551.mp4,train,5.039
1529.mp4,train,5.0
199.mp4,train,5.063
803.mp4,train,5.0
1324.mp4,train,5.0
729.mp4,train,5.0
998.mp4,train,5.0
737.mp4,train,5.067
1448.mp4,train,5.0
1353.mp4,train,5.067
448.mp4,train,5.0
1611.mp4,train,5.067
1683.mp4,train,5.0
1454.mp4,train,5.063
744.mp4,train,5.067
10.mp4,train,5.0
389.mp4,train,5.0
561.mp4,train,5.0
695.mp4,train,5.0
851.mp4,train,5.067
193.mp4,train,3.8
1003.mp4,train,5.0
1661.mp4,train,5.063
1803.mp4,train,5.063
1734.mp4,train,5.067
112.mp4,train,5.0
685.mp4,train,5.067
1494.mp4,train,5.0
376.mp4,train,5.0
598.mp4,train,5.0
463.mp4,train,5.0
213.mp4,train,5.063
367.mp4,train,5.039
895.mp4,train,5.0
594.mp4,train,5.063
391.mp4,train,5.067
850.mp4,train,5.0
1522.mp4,train,5.0
340.mp4,train,5.067
601.mp4,train,5.0
1715.mp4,train,5.067
344.mp4,train,5.0
780.mp4,train,5.0
914.mp4,train,5.0
787.mp4,train,5.0
409.mp4,train,5.0
1526.mp4,train,5.014
251.mp4,train,5.0
969.mp4,train,5.0
1868.mp4,train,5.0
7.mp4,train,5.0
1733.mp4,train,5.017
819.mp4,train,5.0
1592.mp4,train,5.0
129.mp4,train,5.063
1524.mp4,train,5.063
1152.mp4,train,5.0
1318.mp4,train,5.0
399.mp4,train,5.0
1293.mp4,train,5.067
272.mp4,train,5.067
1158.mp4,train,5.0
1629.mp4,train,5.0
363.mp4,train,5.014
926.mp4,train,5.067
1758.mp4,train,5.067
1842.mp4,train,5.053
1823.mp4,train,5.0
1232.mp4,train,5.0
1762.mp4,train,5.0
1205.mp4,train,5.067
1467.mp4,train,5.0
489.mp4,train,5.0
755.mp4,train,5.0
1785.mp4,train,5.0
1126.mp4,train,5.0
555.mp4,train,5.0
82.mp4,train,5.075
1749.mp4,train,5.067
571.mp4,train,5.0
663.mp4,train,5.0
889.mp4,train,5.0
1095.mp4,train,5.0
1612.mp4,train,5.0
423.mp4,train,5.0
44.mp4,train,5.0
718.mp4,train,5.067
554.mp4,train,5.063
145.mp4,train,5.067
136.mp4,train,5.0
242.mp4,train,5.067
1838.mp4,train,0.688
1453.mp4,train,5.0
426.mp4,train,5.034
1033.mp4,train,5.067
1871.mp4,train,5.0
548.mp4,train,5.0
997.mp4,train,5.067
1642.mp4,train,5.067
628.mp4,train,5.075
820.mp4,train,5.0
374.mp4,train,5.063
1636.mp4,train,5.032
111.mp4,train,5.0
164.mp4,train,5.0
1206.mp4,train,5.069
1172.mp4,train,5.0
1716.mp4,train,5.0
421.mp4,train,5.072
105.mp4,train,5.0
1315.mp4,train,5.067
1860.mp4,train,5.004
1055.mp4,train,5.0
260.mp4,train,5.067
1018.mp4,train,5.067
1120.mp4,train,5.067
346.mp4,train,5.0
871.mp4,train,5.075
1701.mp4,train,5.051
536.mp4,train,5.004
635.mp4,train,5.0
1012.mp4,train,5.0
1473.mp4,train,5.0
996.mp4,train,5.0
1690.mp4,train,5.0
1051.mp4,train,4.6
558.mp4,train,5.067
559.mp4,train,5.0
1342.mp4,train,5.067
247.mp4,train,5.072
327.mp4,train,5.067
91.mp4,train,5.067
72.mp4,train,5.0
622.mp4,train,5.0
1487.mp4,train,5.0
1718.mp4,train,5.0
1516.mp4,train,5.051
1813.mp4,train,5.042
465.mp4,train,5.0
1244.mp4,train,5.0
1203.mp4,train,5.0
1183.mp4,train,5.067
1191.mp4,train,5.067
1761.mp4,train,5.067
1559.mp4,train,5.0
31.mp4,train,4.4
506.mp4,train,5.0
639.mp4,train,5.051
546.mp4,train,5.0
457.mp4,train,5.0
1434.mp4,train,5.067
29.mp4,train,5.0
1671.mp4,train,5.0
842.mp4,train,5.063
1323.mp4,train,5.0
751.mp4,train,5.004
173.mp4,train,5.042
937.mp4,train,5.0
1445.mp4,train,5.0
1383.mp4,train,5.067
435.mp4,train,5.0
947.mp4,train,5.0
1597.mp4,train,5.0
817.mp4,train,5.063
1719.mp4,train,5.0
203.mp4,train,5.067
550.mp4,train,5.0
785.mp4,train,5.0
1424.mp4,train,5.0
1286.mp4,train,5.0
887.mp4,train,5.0
700.mp4,train,5.0
609.mp4,train,5.063
1325.mp4,train,5.0
526.mp4,train,5.0
1370.mp4,train,5.067
124.mp4,train,5.0
1145.mp4,train,5.0
1725.mp4,train,5.004
549.mp4,train,5.063
1326.mp4,train,5.0
337.mp4,train,5.0
838.mp4,train,5.0
1622.mp4,train,5.067
418.mp4,train,5.051
110.mp4,train,5.067
477.mp4,train,5.067
1090.mp4,train,5.051
1007.mp4,train,5.0
1100.mp4,train,5.067
108.mp4,train,5.0
1490.mp4,train,5.067
1485.mp4,train,5.067
943.mp4,train,5.0
306.mp4,train,5.0
155.mp4,train,5.032
1856.mp4,train,5.063
1503.mp4,train,5.0
1851.mp4,train,5.0
1635.mp4,train,5.0
1552.mp4,train,5.0
1356.mp4,train,5.067
1693.mp4,train,5.0
179.mp4,train,4.0
454.mp4,train,5.0
1309.mp4,train,5.067
1570.mp4,train,5.063
763.mp4,train,5.067
938.mp4,train,5.0
756.mp4,train,5.067
1087.mp4,train,5.0
143.mp4,train,5.067
92.mp4,train,5.0
1170.mp4,train,5.0
804.mp4,train,5.0
36.mp4,train,5.014
281.mp4,train,5.0
257.mp4,train,5.067
150.mp4,train,5.0
1742.mp4,train,5.075
407.mp4,train,5.0
1184.mp4,train,5.0
243.mp4,train,5.0
1212.mp4,train,5.063
1469.mp4,train,5.0
1849.mp4,train,5.0
1573.mp4,train,5.0
137.mp4,train,5.0
903.mp4,train,5.0
1119.mp4,train,5.067
1129.mp4,train,5.0
393.mp4,train,0.594
1404.mp4,train,5.067
963.mp4,train,5.0
911.mp4,train,5.0
1139.mp4,train,5.067
1498.mp4,train,5.0
599.mp4,train,5.0
30.mp4,train,5.0
1368.mp4,train,5.0
1031.mp4,train,5.0
41.mp4,train,5.0
721.mp4,train,5.0
1670.mp4,train,5.071
275.mp4,train,5.067
950.mp4,train,5.072
945.mp4,train,5.067
22.mp4,train,5.067
1483.mp4,train,5.0
644.mp4,train,5.0
1660.mp4,train,5.067
287.mp4,train,5.0
86.mp4,train,5.0
1696.mp4,train,5.0
910.mp4,train,5.063
727.mp4,train,5.0
1825.mp4,train,5.0
439.mp4,train,5.067
492.mp4,train,5.0
1712.mp4,train,5.067
687.mp4,train,5.0
1518.mp4,train,5.0
710.mp4,train,5.0
1375.mp4,train,5.0
1140.mp4,train,5.0
225.mp4,train,5.067
948.mp4,train,5.067
1476.mp4,train,5.067
863.mp4,train,3.553
157.mp4,train,5.072
339.mp4,train,5.063
1234.mp4,train,5.072
936.mp4,train,5.063
1360.mp4,train,5.067
1422.mp4,train,5.067
624.mp4,train,5.067
434.mp4,train,5.0
385.mp4,train,5.067
1565.mp4,train,5.067
517.mp4,train,5.0
349.mp4,train,5.0
788.mp4,train,5.0
1198.mp4,train,5.0
688.mp4,train,5.0
664.mp4,train,5.067
655.mp4,train,5.063
1694.mp4,train,5.0
133.mp4,train,5.004
1614.mp4,train,5.067
1441.mp4,train,5.0
1060.mp4,train,5.0
1195.mp4,train,5.067
1805.mp4,train,5.0
1804.mp4,train,5.0
1065.mp4,train,5.0
620.mp4,train,5.067
1108.mp4,train,5.0
1607.mp4,train,5.0
988.mp4,train,5.067
1043.mp4,train,5.0
458.mp4,train,5.0
471.mp4,train,5.0
1292.mp4,train,5.0
1313.mp4,train,5.067
267.mp4,train,5.0
1317.mp4,train,5.004
1436.mp4,train,5.063
627.mp4,train,5.0
1626.mp4,train,5.004
856.mp4,train,5.0
1020.mp4,train,5.0
637.mp4,train,5.067
612.mp4,train,5.067
1274.mp4,train,5.0
1245.mp4,train,5.0
720.mp4,train,5.067
852.mp4,train,5.0
1014.mp4,train,5.0
739.mp4,train,5.0
1428.mp4,train,5.051
1437.mp4,train,5.032
1669.mp4,train,0.688
619.mp4,train,5.0
821.mp4,train,5.0
1766.mp4,train,5.0
85.mp4,train,5.067
682.mp4,train,5.0
192.mp4,train,5.059
653.mp4,train,5.0
269.mp4,train,5.0
512.mp4,train,5.0
1760.mp4,train,5.0
1876.mp4,train,5.0
218.mp4,train,5.0
255.mp4,train,5.063
398.mp4,train,5.067
1242.mp4,train,5.067
986.mp4,train,5.067
1659.mp4,train,5.0
814.mp4,train,5.0
781.mp4,train,5.0
432.mp4,train,5.0
495.mp4,train,5.0
1361.mp4,train,5.0
1053.mp4,train,5.0
379.mp4,train,5.0
1684.mp4,train,5.067
396.mp4,train,5.0
1378.mp4,train,5.0
175.mp4,train,5.0
1869.mp4,train,5.075
1218.mp4,train,5.0
210.mp4,train,5.039
977.mp4,train,5.0
240.mp4,train,5.032
440.mp4,train,5.0
651.mp4,train,5.0
1754.mp4,train,5.0
467.mp4,train,5.004
1098.mp4,train,5.067
261.mp4,train,5.063
373.mp4,train,5.0
1609.mp4,train,5.0
198.mp4,train,5.0
2.mp4,train,5.042
1219.mp4,train,5.0
1812.mp4,train,5.0
605.mp4,train,5.067
217.mp4,train,5.0
1508.mp4,train,5.0
1826.mp4,train,5.0
151.mp4,train,5.0
1809.mp4,train,5.032
597.mp4,train,5.067
1125.mp4,train,5.072
723.mp4,train,5.0
1302.mp4,train,5.0
497.mp4,train,5.0
764.mp4,train,5.0
1482.mp4,train,5.0
25.mp4,train,5.0
361.mp4,train,5.063
1879.mp4,train,5.067
1380.mp4,train,5.0
1509.mp4,train,5.067
1075.mp4,train,5.0
